position,research_unit_id,target_entity_ids,canonical_name,status,selection_reason,entity_type_stratum,current_source_type_stratum,current_region_labels,evidence_pack
1,kinnaga-rokuemon,kinnaga;rokuemon,金長・六右衛門,SD-1 complete,priority 10; see evidence pack,,,,research/source-deepening/kinnaga-rokuemon/evidence-pack-v001.md
2,hanako-san,hanako_san,花子さん,SD-1 complete,priority 10; see evidence pack,,,,research/source-deepening/hanako-san/evidence-pack-v001.md
3,munakata-six,kukihime_onryo_munakata;chinkokuji_no_shirohebi;tsurigawa_no_chotaro_kappa;tarumitouge_no_kappa;ryuoike_no_kinryu;tsuwase_no_yureisen,宗像市一覧6件,SD-1 complete,priority 10; see evidence pack,,,,research/source-deepening/munakata-six/evidence-pack-v001.md
4,kotoribaa,kotoribaa,子取婆,SD-1 complete,priority 10; see evidence pack,,,,research/source-deepening/kotoribaa/evidence-pack-v001.md
5,aburatori,aburatori,油取り,SD-1 complete,priority 10; see evidence pack,,,,research/source-deepening/aburatori/evidence-pack-v001.md
6,oiwa,oiwa,お岩,SD-1 complete,priority 10; see evidence pack,,,,research/source-deepening/oiwa/evidence-pack-v001.md
7,kasha,kasha,火車,SD-1 complete,priority 10; see evidence pack,,,,research/source-deepening/kasha/evidence-pack-v001.md
8,atago-tarobo,atago_tarobo,太郎坊（愛宕山）,SD-1 complete,priority 10; see evidence pack,,,,research/source-deepening/atago-tarobo/evidence-pack-v001.md
9,aka-manto,aka_manto_child_snatcher,赤マント,SD-1 complete,priority 10; see evidence pack,,,,research/source-deepening/aka-manto/evidence-pack-v001.md
10,tofu-kozo,tofu_kozo,豆腐小僧,SD-1 complete,priority 10; see evidence pack,,,,research/source-deepening/tofu-kozo/evidence-pack-v001.md
11,sugawara_no_michizane,sugawara_no_michizane,菅原道真,unresearched candidate,historical person / literary or cult persona boundary; explanation-to-source route,historical_person_in_supernatural_tradition,institutional_explanation,,
12,taira_no_masakado,taira_no_masakado,平将門,unresearched candidate,historical person / literary or cult persona boundary; explanation-to-source route,historical_person_in_supernatural_tradition,institutional_explanation,,
13,sutoku_in,sutoku_in,崇徳院,unresearched candidate,historical person / literary or cult persona boundary; explanation-to-source route,historical_person_in_supernatural_tradition,institutional_explanation,,
14,fujiwara_no_sanekata,fujiwara_no_sanekata,藤原実方,unresearched candidate,historical person / literary or cult persona boundary; explanation-to-source route,historical_person_in_supernatural_tradition,institutional_catalog;institutional_explanation,,
15,sakanoue_no_tamuramaro,sakanoue_no_tamuramaro,坂上田村麻呂,unresearched candidate,historical person / literary or cult persona boundary; explanation-to-source route,historical_person_in_supernatural_tradition,institutional_explanation,,
16,taira_no_atsumori,taira_no_atsumori,平敦盛,unresearched candidate,historical person / literary or cult persona boundary; explanation-to-source route,historical_person_in_supernatural_tradition,institutional_explanation,,
17,taira_no_kiyotsune,taira_no_kiyotsune,平清経,unresearched candidate,historical person / literary or cult persona boundary; explanation-to-source route,historical_person_in_supernatural_tradition,institutional_explanation,,
18,fujiwara_no_teika,fujiwara_no_teika,藤原定家,unresearched candidate,historical person / literary or cult persona boundary; explanation-to-source route,historical_person_in_supernatural_tradition,institutional_explanation,,
19,shokushi_naishinno,shokushi_naishinno,式子内親王,unresearched candidate,historical person / literary or cult persona boundary; explanation-to-source route,historical_person_in_supernatural_tradition,institutional_explanation,,
20,taira_no_tomomori,taira_no_tomomori,平知盛,unresearched candidate,historical person / literary or cult persona boundary; explanation-to-source route,historical_person_in_supernatural_tradition,institutional_explanation,,
21,sakura_sogo,sakura_sogo,佐倉惣五郎,unresearched candidate,historical person / literary or cult persona boundary; explanation-to-source route,historical_person_in_supernatural_tradition,institutional_explanation;research_article,,
22,shibata_katsuie_no_borei,shibata_katsuie_no_borei,柴田勝家の亡霊,unresearched candidate,historical person / literary or cult persona boundary; explanation-to-source route,historical_person_in_supernatural_tradition,institutional_explanation,福井県,
23,kuchisake_onna,kuchisake_onna,口裂け女,unresearched candidate,urban legend / regional variants / early attestation; explanation-to-source route,urban_legend_figure,institutional_explanation,,
24,tsukumogami,tsukumogami,付喪神,unresearched candidate,object / apparition / named persona grain; explanation-to-source route,object_spirit,institutional_explanation,,
25,hinna_kami,hinna_kami,ヒンナ神,unresearched candidate,object / apparition / named persona grain; DB-to-original route,object_spirit,database_record,富山県,
26,myokokuji_sotetsu,myokokuji_sotetsu,妙国寺の蘇鉄,unresearched candidate,object / apparition / named persona grain; explanation-to-source route,object_spirit,institutional_explanation,大阪府堺市・妙国寺境内（堺市の伝説紹介地点）,
27,koenji_no_nikutsuki_no_men,koenji_no_nikutsuki_no_men,香園寺の肉付きの面,unresearched candidate,object / apparition / named persona grain; explanation-to-source route,object_spirit,institutional_explanation,愛媛県,
28,yonaki_buton_ani,yonaki_buton_ani,夜泣き布団,unresearched candidate,object / apparition / named persona grain; DB-to-original route,object_spirit,database_record,秋田県,
29,asekaki_jizo_nakajima,asekaki_jizo_nakajima,汗かき地蔵,unresearched candidate,object / apparition / named persona grain; explanation-to-source route,object_spirit,institutional_catalog;institutional_explanation,福島県中島村代畑地区,
30,shiwa_kigisu_no_yonakiishi,shiwa_kigisu_no_yonakiishi,キギスの夜泣石,unresearched candidate,object / apparition / named persona grain; early-source comparison,object_spirit,primary_or_early_source,岩手県紫波町（1970年掲載伝説の舞台）,
31,techinbo_misasa,techinbo_misasa,テッチン坊,unresearched candidate,object / apparition / named persona grain; early-source comparison,object_spirit,primary_or_early_source,鳥取県東伯郡三朝町吉尾（語り手の所在地。物語内の寺の位置は未詳）,
32,otaki_karakasa_matsu,otaki_karakasa_matsu,大多喜のからかさ松,unresearched candidate,object / apparition / named persona grain; explanation-to-source route,object_spirit,institutional_explanation,千葉県,
33,hokumen_tenmangu_no_kappa_mokuzo,hokumen_tenmangu_no_kappa_mokuzo,北面天満宮の河童木像,unresearched candidate,object / apparition / named persona grain; DB-to-original route,object_spirit,database_record,佐賀県,
34,nurikabe,nurikabe,塗り壁,unresearched candidate,phenomenon / being boundary and name formation; DB-to-original route,supernatural_phenomenon,database_record,福岡県,
35,betobeto_san,betobeto_san,ベトベトさん,unresearched candidate,phenomenon / being boundary and name formation; DB-to-original route,supernatural_phenomenon,database_record,奈良県宇陀市大宇陀町,
36,kamaitachi,kamaitachi,鎌鼬,unresearched candidate,phenomenon / being boundary and name formation; DB-to-original route,supernatural_phenomenon,database_record,埼玉県,
37,yamabiko,yamabiko,山彦,unresearched candidate,phenomenon / being boundary and name formation; DB-to-original route,supernatural_phenomenon,database_record,島根県,
38,tenbi,tenbi,天火,unresearched candidate,phenomenon / being boundary and name formation; DB-to-original route,supernatural_phenomenon,database_record,熊本県,
39,ryubi,ryubi,龍燈,unresearched candidate,phenomenon / being boundary and name formation; DB-to-original route,supernatural_phenomenon,database_record,石川県,
40,gongorobi,gongorobi,ゴンゴロウビ,unresearched candidate,phenomenon / being boundary and name formation; DB-to-original route,supernatural_phenomenon,database_record,新潟県,
41,oitekebori,oitekebori,置いてけ堀,unresearched candidate,phenomenon / being boundary and name formation; explanation-to-source route,supernatural_phenomenon,institutional_explanation,東京都,
42,tanukibayashi,tanukibayashi,狸囃子,unresearched candidate,phenomenon / being boundary and name formation; explanation-to-source route,supernatural_phenomenon,institutional_explanation,東京都,
43,toyanogata_ryuto,toyanogata_ryuto,鳥屋野潟の竜灯,unresearched candidate,phenomenon / being boundary and name formation,supernatural_phenomenon,research_article,新潟県,
44,shikina_inenbi,shikina_inenbi,識名の遺念火,unresearched candidate,phenomenon / being boundary and name formation; DB-to-original route,supernatural_phenomenon,database_record,沖縄県,
45,dobusuma_dossari,dobusuma_dossari,どぶすまのどっさり,unresearched candidate,phenomenon / being boundary and name formation; early-source comparison,supernatural_phenomenon,primary_or_early_source,山形県,
46,azuchi_yusen_ongaku,azuchi_yusen_ongaku,遊船音楽,unresearched candidate,phenomenon / being boundary and name formation; DB-to-original route,supernatural_phenomenon,database_record,滋賀県,
47,konan_kubizuka_borei,konan_kubizuka_borei,首塚の亡霊,unresearched candidate,phenomenon / being boundary and name formation; explanation-to-source route,supernatural_phenomenon,institutional_explanation,神奈川県,
48,kuzunoha,kuzunoha,葛の葉（白狐）,unresearched candidate,named individual / variant / identity boundary; early-source comparison; explanation-to-source route,named_supernatural_entity,institutional_catalog;institutional_explanation;primary_or_early_source,,
49,yogenju_f320745,yogenju_f320745,尼彦（明治十五年の錦絵）,unresearched candidate,named individual / variant / identity boundary; DB-to-original route,named_supernatural_entity,database_record,熊本県,
50,yogenju_f320223,yogenju_f320223,海出人（福嶋潟）,unresearched candidate,named individual / variant / identity boundary; DB-to-original route,named_supernatural_entity,database_record,新潟県,
51,shiuri_no_kanko,shiuri_no_kanko,しうりのカン子,unresearched candidate,named individual / variant / identity boundary; early-source comparison,named_supernatural_entity,primary_or_early_source,青森県,
52,nyubuta_toka,nyubuta_toka,入生田のトカ,unresearched candidate,named individual / variant / identity boundary; early-source comparison,named_supernatural_entity,primary_or_early_source,山形県,
53,oshiroike_no_jizo,oshiroike_no_jizo,オシロ池の地蔵さん,unresearched candidate,named individual / variant / identity boundary; early-source comparison,named_supernatural_entity,primary_or_early_source,愛知県大府市北崎地区・オシロ池（掲載民話の解説）,
54,oji_ike_no_oji,oji_ike_no_oji,オジ池のオジ,unresearched candidate,named individual / variant / identity boundary,named_supernatural_entity,research_article,新潟県,
55,hakusangame_niigata,hakusangame_niigata,白山亀,unresearched candidate,named individual / variant / identity boundary,named_supernatural_entity,research_article,新潟県,
56,kishin_dayu_tsugaru,kishin_dayu_tsugaru,鬼神太夫,unresearched candidate,named individual / variant / identity boundary; explanation-to-source route,named_supernatural_entity,institutional_explanation;research_article,青森県,
57,otenpakusama,otenpakusama,オテンパクサマ,unresearched candidate,named individual / variant / identity boundary; early-source comparison,named_supernatural_entity,primary_or_early_source,静岡県,
58,saizaburo_gitsune_takeda,saizaburo_gitsune_takeda,才三郎狐,unresearched candidate,named individual / variant / identity boundary; DB-to-original route,named_supernatural_entity,database_record,茨城県,
59,shizu_gentaro_gitsune,shizu_gentaro_gitsune,源太郎,unresearched candidate,named individual / variant / identity boundary; DB-to-original route,named_supernatural_entity,database_record,茨城県那珂市・静／瓜連城（物語内）,
60,shizu_jinjiro_gitsune,shizu_jinjiro_gitsune,甚二郎,unresearched candidate,named individual / variant / identity boundary; DB-to-original route,named_supernatural_entity,database_record,茨城県那珂市・米崎城（物語内）,
61,shizu_shirosuke_gitsune,shizu_shirosuke_gitsune,四郎介,unresearched candidate,named individual / variant / identity boundary; DB-to-original route,named_supernatural_entity,database_record,茨城県ひたちなか市・那珂湊（物語内）,
62,otani_no_osangitsune,otani_no_osangitsune,大谷のおさん狐,unresearched candidate,named individual / variant / identity boundary; DB-to-original route,named_supernatural_entity,database_record,鳥取県,
63,okon_gitsune_itako,okon_gitsune_itako,おこん狐,unresearched candidate,named individual / variant / identity boundary; DB-to-original route,named_supernatural_entity,database_record,茨城県,
64,sanzo_bakeneko_hachinohe,sanzo_bakeneko_hachinohe,三蔵（八戸の化け猫）,unresearched candidate,named individual / variant / identity boundary; DB-to-original route,named_supernatural_entity,database_record,青森県,
65,shiratamahime_taniyama,shiratamahime_taniyama,白玉姫,unresearched candidate,named individual / variant / identity boundary; early-source comparison,named_supernatural_entity,primary_or_early_source,鹿児島県谷山市・中村,
66,kappa_no_rui_kun,kappa_no_rui_kun,かっぱのるいくん,unresearched candidate,named individual / variant / identity boundary; early-source comparison,named_supernatural_entity,primary_or_early_source,新潟県新潟市南区・月潟地区,
67,inegami_sama_sanuki,inegami_sama_sanuki,稲神さま,unresearched candidate,named individual / variant / identity boundary; early-source comparison,named_supernatural_entity,primary_or_early_source,,
68,gatanuma_no_okoma,gatanuma_no_okoma,潟沼のお駒,unresearched candidate,named individual / variant / identity boundary; early-source comparison,named_supernatural_entity,primary_or_early_source,岩手県紫波町片寄・潟沼（1970年掲載伝説の舞台）,
69,yoshino_choja_no_tamaki,yoshino_choja_no_tamaki,吉野長者の娘たまき,unresearched candidate,named individual / variant / identity boundary; early-source comparison,named_supernatural_entity,primary_or_early_source,静岡県富士市天間と長者ヶ池（1982年掲載民話の舞台）,
70,tsuyufuji_osangitsune,tsuyufuji_osangitsune,露藤のおさん狐,unresearched candidate,named individual / variant / identity boundary; early-source comparison,named_supernatural_entity,primary_or_early_source,山形県,
71,nikko_izumi_kotaro,nikko_izumi_kotaro,日光泉小太郎,unresearched candidate,named individual / variant / identity boundary; early-source comparison,named_supernatural_entity,primary_or_early_source,長野県,
72,imari_no_yodaretare_kozo,imari_no_yodaretare_kozo,伊万里の涎たれ小僧,unresearched candidate,named individual / variant / identity boundary; DB-to-original route,named_supernatural_entity,database_record,佐賀県伊万里市立花町渚（県立図書館一覧の採話地）,
73,kappa,kappa,河童,unresearched candidate,type / regional manifestation / early source comparison,folklore_being,institutional_catalog,,
74,tengu,tengu,天狗,unresearched candidate,type / regional manifestation / early source comparison,folklore_being,institutional_catalog,,
75,rokurokubi,rokurokubi,ろくろ首,unresearched candidate,type / regional manifestation / early source comparison; explanation-to-source route,folklore_being,institutional_explanation,,
76,nurarihyon,nurarihyon,ぬらりひょん,unresearched candidate,type / regional manifestation / early source comparison,folklore_being,research_article,,
77,yamauba,yamauba,山姥,unresearched candidate,type / regional manifestation / early source comparison,folklore_being,institutional_catalog,,
78,inugami,inugami,犬神,unresearched candidate,type / regional manifestation / early source comparison,folklore_being,institutional_catalog,,
79,oni,oni,鬼,unresearched candidate,type / regional manifestation / early source comparison; explanation-to-source route,folklore_being,institutional_explanation,,
80,zashiki_warashi,zashiki_warashi,座敷童子,unresearched candidate,type / regional manifestation / early source comparison; DB-to-original route,folklore_being,database_record,,
81,tsuchigumo,tsuchigumo,土蜘蛛,unresearched candidate,type / regional manifestation / early source comparison; explanation-to-source route,folklore_being,institutional_catalog;institutional_explanation,,
82,nue,nue,鵺,unresearched candidate,type / regional manifestation / early source comparison; DB-to-original route,folklore_being,database_record;institutional_catalog,,
83,namahage,namahage,ナマハゲ,unresearched candidate,type / regional manifestation / early source comparison; explanation-to-source route,folklore_being,institutional_explanation,,
84,okuriookami,okuriookami,送り狼,unresearched candidate,type / regional manifestation / early source comparison; DB-to-original route,folklore_being,database_record,岐阜県恵那市山岡町;兵庫県加西市,
85,azuki_arai,azuki_arai,小豆洗い,unresearched candidate,type / regional manifestation / early source comparison; DB-to-original route,folklore_being,database_record,群馬県,
86,nekomata,nekomata,猫又,unresearched candidate,type / regional manifestation / early source comparison; DB-to-original route,folklore_being,database_record,島根県,
87,yuki_onna,yuki_onna,雪女,unresearched candidate,type / regional manifestation / early source comparison; DB-to-original route,folklore_being,database_record,鳥取県,
88,kijimuna,kijimuna,キジムナー,unresearched candidate,type / regional manifestation / early source comparison; DB-to-original route,folklore_being,database_record,沖縄県,
89,kenmun,kenmun,ケンムン,unresearched candidate,type / regional manifestation / early source comparison; DB-to-original route,folklore_being,database_record,鹿児島県,
90,mizuchi,mizuchi,蛟,unresearched candidate,type / regional manifestation / early source comparison; DB-to-original route,folklore_being,database_record,大阪府,
91,ubume,ubume,産女,unresearched candidate,type / regional manifestation / early source comparison; DB-to-original route,folklore_being,database_record,大分県,
92,koropokkuru,koropokkuru,コロポックル,unresearched candidate,type / regional manifestation / early source comparison; DB-to-original route,folklore_being,database_record,北海道,
93,jorogumo_sekien,jorogumo_sekien,絡新婦,unresearched candidate,type / regional manifestation / early source comparison,folklore_being,institutional_catalog,,
94,yokone_no_onyudo,yokone_no_onyudo,横根の大入道,unresearched candidate,type / regional manifestation / early source comparison; early-source comparison,folklore_being,primary_or_early_source,愛知県大府市横根・逢妻川（掲載民話）,
95,ukishimanuma_no_numano_banbaa,ukishimanuma_no_numano_banbaa,浮島沼の沼のばんばあ,unresearched candidate,type / regional manifestation / early source comparison; early-source comparison,folklore_being,primary_or_early_source,静岡県富士市・浮島沼（1997年掲載民話の舞台）,
96,takenoko_doji_sanuki,takenoko_doji_sanuki,竹の子童子,unresearched candidate,type / regional manifestation / early source comparison; early-source comparison,folklore_being,primary_or_early_source,香川県,
97,otakiji_nekomata,otakiji_nekomata,大滝寺の猫又,unresearched candidate,type / regional manifestation / early source comparison; early-source comparison,folklore_being,primary_or_early_source,香川県,
98,nekkashima_no_bakeneko_tachi,nekkashima_no_bakeneko_tachi,ネッカシマの化猫たち,unresearched candidate,type / regional manifestation / early source comparison; early-source comparison,folklore_being,primary_or_early_source,石川県石川郡尾口村字尾添・ネッカシマ,
99,ibara_river_enko,ibara_river_enko,井原川のエンコウ,unresearched candidate,type / regional manifestation / early source comparison; early-source comparison,folklore_being,primary_or_early_source,島根県,
100,matsuejo_tengu_no_ma_no_onna,matsuejo_tengu_no_ma_no_onna,松江城天狗の間の女,unresearched candidate,type / regional manifestation / early source comparison,folklore_being,research_article,島根県松江市・松江城天狗の間（市の調査コラムの伝承地）,
