"priority","claim_id","entity_id","current_result","registered_source_directly_read","source_ids","source_types","recorded_locations","follow_up"
"1","claim_0209","daikairyuu_ookami","partial_claim_compression","yes","source_0170","database_record","{""source_0170"": ""カード2130010「呼称」「地域」「要約」；原掲載頁43–45""}","nichibun_2130010_pp43-45_two_dreams_distinct_correction_candidate"
"1","claim_0215","imida","partial_claim_compression","yes","source_0176","database_record","{""source_0176"": ""カード1420069「呼称」「地域」「要約」；原掲載頁108""}","nichibun_1420069_card_alternate_host_read_original_1968_report_p108_unread_CiNii_BN13403151_catalog_lead"
"1","claim_0335","ohikari_osato","claim_correction_candidate","yes","source_0246","institutional_explanation","{""source_0246"": ""民話編27「お光ものがたり」印刷pp.63–65／PDF pp.66–68""}","registered_locator_verified_print_pp63-65_pdf_pp66-68_batch027_research_note_off_by_one_actor_sequence_correction_candidate"
"1","claim_0381","hata_no_osangitsune","partial_claim_compression","yes","source_0262","database_record","{""source_0262"": ""『語り』本文、冒頭の『おさん狐』と結末の剃髪場面""}","Tottori_265927_lines124-145_fox_as_monk_inferred_not_explicit_name_conflict"
"1","claim_0440","akubyo_no_kami_sawaguchi","partial_claim_compression","yes","source_0315","database_record","{""source_0315"": ""個別カード「あらすじ」・番号 1721（原掲載 山村民俗誌 pp.96 は未照合）""}","Akihaku_serial1731_record1721_bonze_and_girl_described_as_two_not_one_shapeshifter"
"1","claim_0458","mizue_kappa","partial_claim_compression","yes","source_0319","primary_or_early_source","{""source_0319"": ""つゆふじの伝説 第二部 妖怪・動物 第78話「水江河童の怪物」本文（https://www.t-bunkyo.ac.jp/library/minwa/archives/tsuyufujinodensetsu/text/78.html）""}","Tohoku_Bunkyo_Tsuyufuji_text78_youth_kappa_same_identity_inferred_not_explicit"
"1","claim_0462","oyonegitsune_nukanome","partial_claim_compression","yes","source_0319","primary_or_early_source","{""source_0319"": ""つゆふじの伝説 第二部 妖怪・動物 第87話「およね狐」本文（https://www.t-bunkyo.ac.jp/library/minwa/archives/tsuyufujinodensetsu/text/87.html）""}","Tohoku_Bunkyo_Tsuyufuji_text87_many_foxes_collective_name_vs_singular_entity"
"1","claim_0761","fujioka_no_samurai_ni_baketa_kitsune","claim_correction_candidate","yes","source_0535","institutional_explanation","{""source_0535"": ""PDF 1頁「さむらいに化けた狐」、侍に化けて酒を取り上げる段と翌朝の段""}","PDF_p1_fox_demands_sake_farmer_throws_sake_bottle_registered_locator_wording_correction_candidate"
"1","claim_0837","kurokamiyama_no_daija","wording_review","yes","source_0596","institutional_explanation","{""source_0596"": ""大蛇退治の設問、正答『角が7本あった』直後の解説段""}","source_says_sacrifice_not_decoy_correction_candidate"
"2","claim_0026","yashima_hage_tanuki","recorded_url_mismatch_alternate_card_supported","yes","source_0014","database_record","{""source_0014"": ""DB record 2400120; 掲載箇所 pp. 288–290""}","source_0014_url_2400113_not_2400120_review_source_registration"
"3","claim_0061","sakanoue_no_tamuramaro","alternate_scholarly_corrob_registered_url_unread","no","source_0041","institutional_explanation","{""source_0041"": ""「鈴鹿峠と田村麻呂信仰」『東海道名所図会』と田村社を説明する段落""}","Koka_4772_404_2007_city_p8_partial_2019_Ogawa_pp13-14_two_sites_original_guides_unread"
"3","claim_0336","kukihime_onryo_munakata","index_only","yes","source_0247","institutional_catalog","{""source_0247"": ""「こと（伝承・説話）」印刷p.53／PDF p.55、番号4""}","Munakata_PDF_p53_printed_P55_file_item4_source29_unread"
"3","claim_0337","chinkokuji_no_shirohebi","index_only","yes","source_0247","institutional_catalog","{""source_0247"": ""「こと（伝承・説話）」印刷p.53／PDF p.55、番号13""}","Munakata_PDF_p53_printed_P55_file_item13_source31_unread"
"3","claim_0338","tsurigawa_no_chotaro_kappa","index_only","yes","source_0247","institutional_catalog","{""source_0247"": ""「こと（伝承・説話）」印刷p.53／PDF p.55、番号15""}","Munakata_PDF_p53_printed_P55_file_item15_source31_unread"
"3","claim_0339","tarumitouge_no_kappa","index_only","yes","source_0247","institutional_catalog","{""source_0247"": ""「こと（伝承・説話）」印刷p.53／PDF p.55、番号18""}","Munakata_PDF_p53_printed_P55_file_item18_sources30_31_unread"
"3","claim_0340","tsuwase_no_yureisen","index_only","yes","source_0247","institutional_catalog","{""source_0247"": ""「こと（伝承・説話）」印刷p.53／PDF p.55、番号27""}","Munakata_PDF_p53_printed_P55_file_item27_source31_unread"
"3","claim_0341","ryuoike_no_kinryu","index_only","yes","source_0247","institutional_catalog","{""source_0247"": ""「こと（伝承・説話）」印刷p.53／PDF p.55、番号19「龍王神社と龍王池」""}","Munakata_PDF_p53_printed_P55_file_item19_headline_Ryuo_shrine_and_pond"
"3","claim_0691","setsuan","indexed_only","yes","source_0486","database_record","{""source_0486"": ""個別カード0910002『要約』；原掲載『信濃』第1次3巻5号pp.18–20、本文未照合""}","1934_shinano_article_pp18_20_unread"
"3","claim_0692","naha_hachiro","indexed_only","yes","source_0487","database_record","{""source_0487"": ""個別カードC1040210-000『要約』；原掲載『群馬県史 資料編27 民俗3』p.796、本文未照合""}","card_S55_1980_vs_1982_conflict_source_0487_date_correction_candidate_original_p796_unread"
"3","claim_0693","otane_fox_mihonoseki","indexed_only","yes","source_0488","database_record","{""source_0488"": ""個別カード2010001『要約』；原掲載『伯耆文化』6号p.7、本文未照合""}","white_fox_identification_is_inference_after_exorcism"
"3","claim_0694","nandobashi_no_kaibutsu","indexed_only","yes","source_0489","database_record","{""source_0489"": ""個別カード1070353『要約』；原掲載『常民』22号p.91、本文未照合""}","bridge_man_identity_not_resolved_by_card"
"3","claim_0695","yoshima_no_fuchi_no_nushi","indexed_only","yes","source_0490","database_record","{""source_0490"": ""個別カードC0730386-000『要約』；原掲載『福島県史 24 民俗2』pp.577–579、本文未照合""}","1967_prefectural_history_pp577-579_unread_1936_Iwaki_article_title_match_entity_unverified_1936_school_offprint_relation_unverified"
