entity_id,claim_id,check_result,recorded_source_directly_read,follow_up
gongorobi,claim_0301,direct_supported,yes,nichibun_card_2180958_summary_read_1939_article_and_1921_cited_work_unread
sunamaki,claim_0302,direct_supported,yes,nichibun_card_2180740_summary_read_three_regions_no_common_origin_proven
goro_sama,claim_0309,direct_supported,yes,nichibun_card_2010008_summary_read_1953_article_unread
enkou_shimane,claim_0311,direct_supported,yes,nichibun_card_0950017_summary_read_1939_article_unread
yagyo_san,claim_0315,direct_supported,yes,nichibun_card_2180965_summary_read_headless_horse_separate_actor_1922_work_unread
kawauba,claim_0325,direct_supported,yes,aomori_2008_intro_section_three_line60_exact_passage_original_tani_no_hibiki_unread
yanagi_no_rei_kubota,claim_0435,direct_supported,yes,akita_card_4865_summary_read_1968_edition_and_earlier_manuscript_unread
andoji_akari,claim_0438,direct_supported,yes,akita_card_5763_summary_read_later_wolf_or_monk_explanations_not_resolved
sakenosuke_oisawa,claim_1006,direct_supported,yes,nichibun_card_2366438_summary_read_1990_original_article_unread
